{"mc":{
	"quan":{
		"frameRate":24,
		"events":[
			
			],
		"frames":[
			
			{
			"res":"545FF4C3",
			"x":0,
			"y":1,
			"duration":2
			},
			{
			"res":"E7A6BF1B",
			"x":0,
			"y":0,
			"duration":2
			},
			{
			"res":"66F6C6D",
			"x":0,
			"y":0,
			"duration":2
			},
			{
			"res":"90E8D8C8",
			"x":0,
			"y":0,
			"duration":4
			},
			{
			"res":"13320F",
			"x":0,
			"y":0,
			"duration":2
			},
			{
			"res":"7CEE5DFF",
			"x":0,
			"y":0,
			"duration":2
			},
			{
			"res":"3E986CC9",
			"x":0,
			"y":0,
			"duration":2
			},
			{
			"res":"966B45D4",
			"x":0,
			"y":0,
			"duration":2
			},
			{
			"res":"6574BB51",
			"x":1,
			"y":0,
			"duration":2
			},
			{
			"res":"70F87A38",
			"x":0,
			"y":0,
			"duration":2
			},
			{
			"res":"E785EA17",
			"x":0,
			"y":0,
			"duration":2
			}
			]
}},
	"res":{
		"545FF4C3":{"x":1,"y":65,"w":30,"h":29},
		"13320F":{"x":1,"y":1,"w":30,"h":30},
		"3E986CC9":{"x":33,"y":1,"w":30,"h":30},
		"E785EA17":{"x":65,"y":1,"w":30,"h":30},
		"70F87A38":{"x":97,"y":1,"w":30,"h":30},
		"6574BB51":{"x":65,"y":65,"w":29,"h":30},
		"66F6C6D":{"x":1,"y":33,"w":30,"h":30},
		"E7A6BF1B":{"x":33,"y":33,"w":30,"h":30},
		"966B45D4":{"x":65,"y":33,"w":30,"h":30},
		"7CEE5DFF":{"x":33,"y":65,"w":30,"h":29},
		"90E8D8C8":{"x":97,"y":33,"w":30,"h":30}
	}}